key,summary
GENSIX-71705,"[CCS] Page indicator displaying as incorrectly in ""Activate connected services screen"""
GENSIX-71704,[User Profile]: NO Focus is observed in User Profile Settings Screen after closing the Menu option for Second time.
GENSIX-71702,[Radio] Radio tune information is displayed in Radio screen after coming back from delete presets screen.
GENSIX-71699,[Profile]: Focus getting disappeared tapping on the change user option.
GENSIX-71695,[Manual]: No focus is observed in Option menu on making Display Off/on.
GENSIX-71694,[Manual]: Blank Screen is getting displayed in Handwriting Manual Screen on Performing RVC ON/OFF.
GENSIX-71675,[Manual] Focus is not retained back to input text field on performing ccp pushdial up/down in Manual > Handwritting tutorial screen.
GENSIX-71674,[Split screen] Voice memo icon is getting displayed in split screen while starting recording.
GENSIX-71671,[Phone]: Add to Favorite Search Contacts Split Screen Text is displayed in Menu option Screen.
GENSIX-71670,"[Media]:""Screen is getting blank on tapping on play multiple songs in music streaming keypad screen."""
GENSIX-71669,[Radio] Scan function is not working as intended on the rotating dial through Menu
GENSIX-71668,[Genesis LIVE] Two pop ups are getting closed together on pressing CCP back button in Genesis LIVE screen.
GENSIX-71667,[Navigation]: Keyboard Alignment is not Proper Navigation search Keypad.
GENSIX-71666,[Carplay]:Able to Enter into User Profile Screen On Carplay Active Call State.
GENSIX-71665,[Radio]: Delete Popup is getting closed on making RVC off/on.
GENSIX-71663,[Music Streaming] : System is switching to Sound of Nature Screen on Performing Short Press Media H/K
GENSIX-71662,[Keypad] Characters are not getting entered for the First time in Music streaming search keypad screen.
GENSIX-71659,[Keypad]: Focus is not appearing in the Enter the keyword Text line after making Display off/on.
GENSIX-71658,[Mediaplayer]Options are not displayed in korea even after changing language to korea in delete screen
GENSIX-71657,[Navigation menu] Delete text is not getting displayed properly.
GENSIX-71656,[Manual] Focus is not Shifting to the Left side on performing CCP Push dail[Left] in Manual Keypad screen.
GENSIX-71655,[Media Streaming] : System is not switching to AV on State on Performing Short Press Power Button
GENSIX-71654,[Popup]Popup is closing upon CCP tune roll
GENSIX-71653,[Keypad] Upon Tapping Delete Icon Screen is not Transiting to Keypad Screen.
GENSIX-71652,[keypad] Characters are over-writing from the highlighted area.
GENSIX-71649,[Keypad]No focus is observed upon CCP push down
GENSIX-71647,"[Media]:""Screen is getting blank on coming back from message screen."""
GENSIX-71646,[Music Streaming] : Blank Screen is Observed for Some time on Performing Long Press Tune H/K
GENSIX-71636,"[Media]:""Blank Screen is getting displayed & system is getting hanged on ending BT Incoming Call. """
GENSIX-71635,[Music Streaming] : Empty Space Is Observed in Keypad Screen when Kepad is set to 10 Keys
GENSIX-71632,[Media player]Upon performing RVC on and off blank screen is displayed for the while.
GENSIX-71629,[DMB]: Flickering is observed in Split screen.
GENSIX-71628,"[Navigation] When Modem is On, Alert Option is not getting displayed in Navigation Settings Screen."
GENSIX-71627,"[Media player]Upon doing outgoing call through Phone,screen is not going to call screen"
GENSIX-71626,[Setup] Door/Tailgate text is not displayed properly in setup main screen.
GENSIX-71625,"[Media]:""System is switching to home screen and getting hanged when call is on hold """
GENSIX-71614,[Music Streaming]: Settings S/k is not working in Keypad screen.
GENSIX-71613,[Music Streaming] : Volume Level is not Decreasing to 7 On Enabling Quiet Mode
GENSIX-71606,[Settings]: Touch pad Recognition Angle screen is displayed on Software information screen.
GENSIX-71599,[USB Video] : Focus is Not Shifting to Rear Seat Option On Pressing CCP Push Dial (Down)6
GENSIX-71594,[Media Player] : Music Streaming Screen is getting hanged for Sometime
GENSIX-71593,[RVC]: Inconsistent behaviour is observed in Rear view camera Screen.
GENSIX-71592,[Setup] Alignment is not proper in Navigation->alerts screen when the font size is set to extra large.
GENSIX-71590,[Map]: Menu h/k is not working in Map Screen
GENSIX-71587,[Setup] Delay is observed after pressing custom buttom to make display off while reordering splitscreen options in display settings
GENSIX-71582,[Setup] Inconsistant behaviour observed while reordering the options in Button/Touchpad settings
GENSIX-71580,[Keypad] Focus is getting disappeared in Keypad screen on changing the Cyrillic keyboard options from rear screen.
GENSIX-71578,[Radio]: Scan AM/FM S/W key is not working in Radio Screen.
GENSIX-71577,[OSD/Popup] Feature Unavailable while recording popup is not getting displayed on tapping music streaming option.
GENSIX-71575,[Keypad] Able to give input through CCP touchpad in input search field
GENSIX-71547,[Setup] Clicking on Time settings value is not getting displayed in Date/Time icon
GENSIX-71546,[Voice Memo] Sometime Voice memo is not getting ended on performing PWR OFF / ON
GENSIX-71543,[Settings] Previously selected screen is not retained on performing RVC on-off in Camera Settings screen.
GENSIX-71541,[Navigation] Flickering is observed on the auto scale settings screen
GENSIX-71540,[Bluetooth]Volume is not decreased to 20 upon rebooting the H/U
GENSIX-71537,[DMB]: Focus is not appearing on the next option in Split screen.
GENSIX-71536,[Phone]:Focus is not getting Displayed On Handwriting Gesture On Performing Seek UP/DOWN.
GENSIX-71535,"[Manual]:""Web Manual video is not playing properly for second time """
GENSIX-71533,[Navigation]: Text overlapping is observed on Fuel price information setting screen.
GENSIX-71532,[Setting]:System Info Screen is Changing to Call Screen On Accepting the Call.
GENSIX-71530,[Manual]:Able to Play Video Manual File On Active Call State.
GENSIX-71529,[Media Player] Menu Option is not Closing on Selecting Login in Music Streaming Screen.
GENSIX-71516,[Radio] : Popup is getting closed on Making Display off/on.
GENSIX-71511,[RVC] In RVC screen sound is not getting decreased to default 5 for India Region
GENSIX-71508,[Settings]: System is switching back to keypad screen on selecting link Bluetooth device screen.
GENSIX-71506,[DRM]:Band Popup and Weather popups are getting Overlap in Display off state.
GENSIX-71504,[Setting]:Focus is Observed On Guide Text On User Profile Screen.
GENSIX-71503,[CCS] Focus Highlight is not Proper in Connected Services Settings Screen.
GENSIX-71501,[Radio] Radio/Media off osd is not coming after short press volume button in ccp while radio is running background
GENSIX-71500,[Radio] Inconsistent behaviour is observed on scanning the FM/AM in radio screen.
GENSIX-71498,[User profile] Not able to change user profile from ccp touch pad.
GENSIX-71497,[Keypad] No Focus is Observed in Music Streaming Search Keypad Screen.
GENSIX-71495,[Setting]:Screen is Exiting to Setup List Screen On Performing Display OFF/ON On User Profile Screen.
GENSIX-71493,[Popup]'Cannot input anymore' popup is not displayed in keypad screen
GENSIX-71490,"[Media] String value is observed on ""Cannot input more ""alert popup in media"
GENSIX-71488,"[Media] ""Cannot input more"" alert popup is not displayed after enter maximum letters in keypad"
GENSIX-71487,[Media Player] Dual Focus is Observed in Music Streaming Screen
GENSIX-71484,[Media Player] Inconsistance Behaviour is Observed in Music Streaming Playlist Screen
GENSIX-71483,[Keypad]:No Focus is observed in search setup screen.
GENSIX-71482,[Settings] Reset popup is not displyed after tapping on reset option
GENSIX-71481,[Settings]: Improper behavior is observed on reorder Mode button(Steering wheel) screen after performing the reordering through CCP wheel.
GENSIX-71479,[Setting]:UI is Not Proper On Changing Graphic Themes to Copper Rust.
GENSIX-71476,[Media] : Blank screen is observed in Music streaming screen.
GENSIX-71473,[Settings] String value observed in display settings
GENSIX-71472,[Setup]: Blank Screen is getting displayed in Camera Settings Screen on Performing RVC ON/OFF.
GENSIX-71471,[Media] Media gate is not displayed on pressing media H/K
GENSIX-71469,[Setup] Different text is getting displayed on selecting 'Key Out On' in Door screen.
GENSIX-71468,[Profile] Able to Enter Inside the Password Option Even it is in Disabled State.
GENSIX-71466,[Setting]:System is not Entering into Device Connection Setting Screen When Call is an Hold State.
GENSIX-71465,[Media player]String value is observed in the melon music screen
GENSIX-71463,[Profile] String ID is displayed in Saftey warning screen
GENSIX-71462,[Radio] No focus is observed on radio screen on coming back from delete presets screen.
GENSIX-71461,[Media Player] No Focus is Observed in Music Streaming Favorites Screen.
GENSIX-71460,[Settings] Split screen is getting displayed on selecting split screen options in display settings.
GENSIX-71459,[Keypad]Screen is getting hang and blank screen is observed upon tapping VR icon for second time
GENSIX-71458,"[Keypad]Upon tapping settings icon s/k,no action is observed"
GENSIX-71457,[[Music streaming] Alignment is not proper in the keypad screen
GENSIX-71456,[Setting]:Able to Enter into Sound Setting Screen When Call is an Hold State.
GENSIX-71425,[Music streaming] Option Menu is not working in play multiple song screen
GENSIX-71424,[Music streaming] Selected Splitscreen option is not retained in Assistant Window
GENSIX-71422,[Music streaming] String value is observed in Music streaming menu
GENSIX-71421,[MusicStreaming] Blank screen is observed on tapping on genie music
GENSIX-71416,[Radio] Inconsistent behaviour is observed in Manual tune FM screen.
GENSIX-71413,[DMB] : Focus is not available in DMB screen.
GENSIX-71411,[Setup]:Improper behaviour is observed in Setup Keypad on changing keypad settings to 10Keys
GENSIX-71410,[Setup] Screen is not transiting back on performing display off/on in BT setup screen.
GENSIX-71409,[DMB] : Option Menu is not closing after screen transition in DMB screen.
GENSIX-71406,[DMB] : Split screen Option Menu is not closing On making RVC off/on.
GENSIX-71402,[Keypad] Improper behaviour is observed in Keypad screen
GENSIX-71401,[Keypad] Focus is disappering on Long Pressing Delete S/K.
GENSIX-71400,[OSD]Flickering is observed in the voice memo system info screen
GENSIX-71390,[Keypad] :Dual focus is observed in Keypad screen
GENSIX-71381,[VR] During VR Radio sound is audible after changing the language
GENSIX-71379,[Settings]: Focus is not appearing at the same option in popup screen after making Display off/on.
GENSIX-71376,[CCS] Back S/K is not Working in Activate Connected Services.
GENSIX-71349,"[Setup]:""Blank screen is getting displayed in door/tailgate setting."""
GENSIX-71341,[VR] Sometime focus is not getting displayed in VR screen
GENSIX-71339,[VR] Clicking on VR Icon (S/K) VR screen is not getting displayed
GENSIX-71338,[Settings]: Focus is not appearing in the Split Screen option on performing CCP right.
GENSIX-71337,[Settings]: Dual Focus is observed in camera settings screen Screen.
GENSIX-71336,"[Carplay] After disconnecting the Carplay, ""Feature unavailable during call...""popup is getting displayed on tapping on the Memory, Reset SK"
GENSIX-71335,[Popup] Improper behaviour is observed on pressing custom h/k on VR screen.
GENSIX-71334,[AssistantWindow]: Dual Focus is observed in Quiet Mode Screen.
GENSIX-71326,[VoiceMemo] Able to record and play the recordings simultanously in voice memo screen.
GENSIX-71325,[CCS] Inconsistent behaviour is happening in CCS search Keypad screen
GENSIX-71314,[Settings]: Focus getting disappeared on the incoming BT call popup.
GENSIX-71293,[Keypad] Alignment issue is observed in Settings Keypad screen.
GENSIX-71292,[Settings]: Improper behavior is observed on scrolling the page in Display settings screen.
GENSIX-71290,"[Setup]:""Time setting screen is exiting on accepting BT call."""
GENSIX-71289,[Setting]:Incoming Call Popup is not getting Displayed On Camera Setting Screen.
GENSIX-71287,[Settings]: Alignment line issue is observed on Navigation Settings screen.
GENSIX-71286,[Settings]: Focus is not appearing at the Default option after closing the option Menu.
GENSIX-71284,[Setting]:Screen is Exiting to Setup List Screen On Display OFF State When Call is an Hold State.
GENSIX-71280,[Quiet Mode] : Menu options are not getting scrolled after pressing the CCP DOWN HK
GENSIX-71266,[Keypad] Scroll Bar is not Displayed in Navigation Search Keypad On Tapping Keypad Slide Right Button.
GENSIX-71262,[Voice Memo]: On voice memo recording state screen is entering into phone projection screen.
GENSIX-71261,[Setup] Options are not present in the Display settings as per the spec
GENSIX-71253,[CCS] Option Menu is not Closing on Tapping Status Bar in Connected Services Settings Screen.
GENSIX-71246,[Radio] Inconsistent behaviour is observed on saving the preset in radio screen.
GENSIX-71205,[Map] Very small Font size is getting displayed in map search screen
GENSIX-71199,"[Bluetooth] ""Cannot input anymore"" popup is closing on bluetooth system info keypad screen."
GENSIX-71197,[DMB] : Empty Screen is geting Displayed in DMB on Performing Long Press Menu
GENSIX-71194,[Qibla] Default focus is disappearing in qibla screen after pressing the custom HK set to:Qibla
GENSIX-71193,[Media] :Dual focus is observed in Media gate screen.
GENSIX-71192,[Settings]: String Value is Displayed in Driver assistance Screen.
GENSIX-71191,"[USB Video] : ""File Information"" Popup is getting displayed for some seconds in Quiet Mode Screen"
GENSIX-71190,[SXM] Numbers are Not getting deleted Upon long Pressing Delete S/K.
GENSIX-71187,[QuietMode] Dual focus is observed on option menu after rotating the CCP wheel
GENSIX-71186,"[USB]:""System is entering in sound setting during BT Incoming Call popup."""
GENSIX-71176,[Sound of nature]Focus is displayed out of the scroll bar
GENSIX-71175,"[USB]:""Inconsistent behavior is getting observed in sound of nature and USB music during BT active call."""
GENSIX-71173,[Bluetooth] Split screen is not getting changed on Display off-on when the focus is changed in option menu in Bluetooth screen.
GENSIX-71172,"[USB]:""USB video full Screen is getting hanged on performing call ending operation."""
GENSIX-71171,[VR] First time dual focus is observed in Map VR screen
GENSIX-71168,[Keypad] Focus is not Proper in Bluetooth Settings Keypad On Long Press.
GENSIX-71167,[Popup]: Popup is getting closed on short press SWRC Mode button.
GENSIX-71164,[Keypad] Unable to focus on the textfield from countries option through S/K.
GENSIX-71163,[HD Radio] Focus is not Shifting to the Left side on performing CCP push dail[Right].
GENSIX-71161,[Split screen] Split screen is flickering on making Display off-on when the focus is changed on option menu.
GENSIX-71160,[Navigation]: Process of Searching Popup is not closing in navigation screen.
GENSIX-71159,[HD Radio] Fuel Prices Screen getting Freezed After performing CCP Push Dail[Left].
GENSIX-71158,[setup]Blank screen is displayed in the sound guidance settings screen
GENSIX-71157,[Voice memo] String value is displayed in Voice memo main screen for French language.
GENSIX-71156,[Settings]:String Value is displayed in the vehicle settings screen
GENSIX-71155,[VR] Search count is mismatch in VR Sound results screen
GENSIX-71154,[System] Improper screen transition is observed after performing the Rear camera On-> Off
GENSIX-71153,[User Profile] : System is switching to Safety Warning Screen on Pressing Back S/K from Date/Time Settings
GENSIX-71152,"[Settings]:Flickering is observed in ""Connected services Settings"" Screen."
GENSIX-71149,[Menu] : Option is disappering in second depth option menu on making display off /on.
GENSIX-71147,[keypad] Characters are over-writing from the highlighted area.
GENSIX-71146,"[Navigation]:""Cannot input anymore"" Popup is disappearing upon RVC on and off."
GENSIX-71145,[Bluetooth]:Able to Check and Uncheck Message Notification When Call is an Hold State.
GENSIX-71143,[QIBLA] : Menu options are not getting scrolled after pressing the CCP UP HK
GENSIX-71142,[Bluetooth]:Screen is transiting to Setup List Screen On Performing Display OFF/ON On Device Connection Setting Screen.
GENSIX-71141,[Settings]: String Value is Displayed in Vehicle Settings Screen.
GENSIX-71081,[Popup] : Delete popup is not getting closed on short press on CCP Menu H/K.
GENSIX-71078,[Radio] Radio scanning icon is not proper while scanning
GENSIX-71077,[Keypad] Dual Focus is observed in Setup Search Keypad Screen.
GENSIX-71073,[Voice Memo]:Able to Enter into System Info Screen When Call is an Hold State.
GENSIX-71072,[setup]Menu options are closing after performing the display on->Off in device connection screen
GENSIX-71070,[Keypad] Alignment issue is Observed in Setup Search Keypad Screen.
GENSIX-71069,[Setting]:Link Popup is getting Displayed On Previous Screen On Performing RVC ON/OFF.
GENSIX-71067,[USM] String Value is Displayed in Vehicle Settings Screen.
GENSIX-71064,[Quite Mode] : Dual focus is observed in Quite mode screen.
GENSIX-71058,[Bluetooth]:Screen is Exiting to Home Screen When Call is an Hold State On Bluetooth Setting Screen.
GENSIX-71057,"[Navi]:""Focus is shifting to other option on performing display Off/On ."""
GENSIX-71055,[Setup] Screen is transiting to one depth back on performing display off/on in general setting screen when call is on background.
GENSIX-71047,[Keypad]Alignment issue is observed in the search keypad
GENSIX-71026,[Navigation] Menu options are not getting scrolled quickly after pressing the CCP UP HK
GENSIX-71025,[Settings] No focus observed in display settings screen after pressing right button in CCP dial pad
GENSIX-71021,[Popup]Focus is disappearing upon pressing CCP enter h/k
GENSIX-71019,[Popup] : Screen is transiting to media screen in sound settings screen.
GENSIX-71018,[Navigation] No focus is observed on Satellite status screen on performing operation through RRC in rear monitor.
GENSIX-71015,[Popup] : Inconsistance behavior is observed settings screen.
GENSIX-71014,"[Rear Display] : ""Unavailable. Front Seat Used by Another Device"" Toast Message is getting Displayed Twice"
GENSIX-70999,"[Profile] The ""Maximum input"" popup is getting displayed on ""Saftey warning screen""."
GENSIX-70992,[Keypad] Capslock is not getting changed after the first entry in the keypad screen.
GENSIX-70990,[Keypad] Able to give input through CCP touchpad in input search field
GENSIX-70989,[Home]: Dual Focus is observed in Home screen upon RVC on and off.
GENSIX-70988,[Settings]Active sound design option is not displayed as per spec
GENSIX-70986,[Settings]: Focus is getting changed after closing the Menu option.
GENSIX-70980,[Voice Memo] The Voice Memo recorded files count is getting mismatched on the Home icon screen.
GENSIX-70958,[OSD/POPUP] BT popup is not getting closed and osd is not displayed in split screen while starting voice memo recording.
GENSIX-70957,"[Popup]""Please use a USB cable to connect...""popup is closing after cancelling the BT connection popup"
GENSIX-70956,[Keypad]Alignment issue is observed in the setup search screen
GENSIX-70955,[Home] : Language is not changing properly when language is set to 'Magyar'.
GENSIX-70953,[Voice Memo]: Focus is not appearing at the same option while recording Voice Memo on performing RVC ON and OFF.
GENSIX-70950,[keypad] Default Focus is not proper in keyboard screen
GENSIX-70949,[Keypad] On performing RRC Push Dail[Up] Focus is not shifting to the input Text Field in Navigation Keypad Screen.
GENSIX-70945,[Keypad]Popup is closing upon performing display on and off
GENSIX-70941,[Settings] : System is not Switching to Keypad Screen on Pressing Back S/K
GENSIX-70939,[Keypad] Blank Button is displayed in Add to Address Book Keypad Screen.
GENSIX-70917,[Split screen] Split screen mode should not change on performing some operation in RVC screen.
GENSIX-70914,[Media]: Focus is not appearing at the same option after making Display off/on.
GENSIX-70912,"[Navigation] : ""Unavailable. Front Seat Used by another Device"" Toast Message is getting Displayed in Navigation Menu Screen on pressing Back S/K from Web Manual Screen"
GENSIX-70909,[Settings] No focus is observed in search setup screen on performing VR on & off
GENSIX-70906,"[Setting]:""Swipe left is not working in Camera setting screen ."""
GENSIX-70905,"[Radio] Band popup is getting closed, after pressing Custom button"
GENSIX-70902,[Home]: Screen is getting freezed on scrolling up the page.
GENSIX-70898,"[OSD/popup] ""This audio format is not supported."" popup is not getting displayed in rear monitors."
GENSIX-70897,[Rear Display]:Able to Enter into Sound Setting Screen On Active Call State.
GENSIX-70896,[Navigation]: Keyboard Alignment is not proper in POI category option screen
GENSIX-70893,[Navigation] Inconsistent behaviour is observed in Map screen.
GENSIX-70887,[Bluetooth]:Different Popup is getting Displayed On Tapping BT Audio On Active Call State.
GENSIX-70816,[Setup] Hard keys are working while resetting display settings in rear screen
GENSIX-70814,"[Climate] The Option menu is not getting opened on performing ""Press & Hold"" ""Menu"" H/K (RRC)."
GENSIX-70813,"[Navigation] Focus gets disappeared in keypad screen , Filling stations and POI category screens on pressing CCP dial left."
GENSIX-70809,"[Navigation]Slow response is observed after tapping on the ""country"" icon"
GENSIX-70808,[Keypad] Scroll Bar should not be displayed upon Tapping Delete Icon in Setup Search Keypad Screen.
GENSIX-70806,[Keypad] : No focus is observed in search set up screen.
GENSIX-70803,"[Weather] The Option menu is not getting opened on performing ""Press & Hold"" ""Menu"" H/K (RRC)."
GENSIX-70798,[Setup] Focus is not proper in search setup screen
GENSIX-70796,[OSD]Feature Unavailable During a Call OSD is displayed in english language even after changing language to portuguese
GENSIX-70795,[Media] : Dual focus is observed in Media screen
GENSIX-70790,"[Setup] The System is entering ""Camera Settings"" screen during IGN OFF state."
GENSIX-70789,[Settings] Focus is not getting retained to the previously selected option.
GENSIX-70788,[CCS] Alert popup closes after pressing custom button
GENSIX-70786,[Radio]: Scanning is in progress in the background after getting the incoming call popup.
GENSIX-70784,[Settings]: No focus is observed in camera settings screen upon RVC ON and OFF
GENSIX-70783,[Setup] String value is displayed in vehicle settings screen for all the languages instead of English and Korea.
GENSIX-70782,[Radio] DAB text is not displayed in radio main play screen
GENSIX-70781,[Car play] : Able to enter Sound setting screen when car play is on active call state.
GENSIX-70780,[VR] Menu Focus is disappearing in VR Navigation screen
GENSIX-70779,[Settings]:Dual focus is observed in camera settings screen upon RVC ON and OFF
GENSIX-70773,[Radio]: Able to scroll the presets on the BT incoming call popup.
GENSIX-70772,"[Setup] ""Language was changed"" Toast popup is not displayed for these languages(Nederlands, Italiano, France, Spanish, English, Deutsch)"
GENSIX-70771,[Navigation] When Modem is Off Alert Option should not be displayed in Navigation Settings Screen
GENSIX-70769,[Setting]:Not able to Enter into Bluetooth Setting Screen.
GENSIX-70762,"[Setting]:""Focus is getting disappeared in search setup screen."""
GENSIX-70761,[CCS] Focus is not retained on selected Option in Genesis live Select Category Screen.
GENSIX-70760,"[Setting]:""Focus is getting changed on performing RVC On/Off."""
GENSIX-70739,"[Navigation] : On Selecting OK option on ""Connected Services"" Popup on Rear , ""Connected Services"" Popup is getting Displayed in Front"
GENSIX-70738,"[Navigation]:""Alignment issue is getting observed in navi keypad screen ."""
GENSIX-70737,[Navigation] : Focus is not retaining on Performing Display Off / On in Fuel Information Screen
GENSIX-70736,"[Navigation] Dual focus is observed on the input fileld and the characters in ""near city centre"" screen"
GENSIX-70733,"[CCS] The Closed popup is exhibited in ""Genesis Live"" screen."
GENSIX-70730,"[Navigation] : Flickering is Observed in ""Export Completed"" Toast Message on Performing Display Off and On"
GENSIX-70728,[Setup]: Focus is not appearing on the Back S/K option after making Display off/on.
GENSIX-70727,[SVM] No focus Observed in Camera Settings Screen.
GENSIX-70726,[Home] Popup closes after making display off->on
GENSIX-70725,"[Voice recognition]Anlogue clock option of split screen menu , is moving slowly upon changing font size to extra large"
GENSIX-70722,[Bluetooth] Making phone calls using speed dial is non-operational.
GENSIX-70721,"[Voice regonition]After performing CCP operations,screen is getting Freezed"
GENSIX-70720,[Setup] Calendar option is not getting displayed in split screen options.
GENSIX-70719,[Split screen] Blank screen is getting displayed in split screen after coming back from display settings.
GENSIX-70718,[Settings]:Keypad is getting freezed on performing CCP dail up in settings screen
GENSIX-70717,[Bluetooth] : Popup is not disappearing on performing some basic operation on RVC.
GENSIX-70716,[Setup] Split screen options are not matching with option menu.
GENSIX-70714,[Voice recognition] Default focus is not displayed in VR option menu screen.
GENSIX-70713,"[Setting]:""Camera setting screen is exiting on performing RVC On/Off."""
GENSIX-70712,[Setup] The Focus on the option menu is getting changed on making IGN Off->On.
GENSIX-70711,"[Bluetooth]:""Feature unavailable during call popup is getting closed on performing RVC On/Off."""
GENSIX-70710,"[Setup] Dual focus observed in ""Connected Service settings"" screen"
GENSIX-70708,[Web manual] Upon Tapping input text field for the First Time Focus is not getting displayed in Handwriting Tutorial Screen.
GENSIX-70695,[Voice memo] : Inconsistent behavior is observed in Voice memo screen
GENSIX-70694,[Home] Flickering observed in Home screen
GENSIX-70693,[Keypad] Textfield is not getting focused on tapping on it.
GENSIX-70689,"""Second and first depth of the menu options are not closing at a time after few seconds"
GENSIX-70682,"[Setup] Menu option is not working in ""Connected Service settings"" screen"
GENSIX-70679,"[Bluetooth]: ""Favorites contacts full popup"" getting disappears on doing display off/on."
GENSIX-70677,[Keypad] Focus is not changing properly in Settings Keyboard screen.
GENSIX-70672,[User Profile]Options are not displayed on tapping 'Display off' s/k
GENSIX-70671,[Keypad] Blank Button is displayed in Setup Search Keypad Screen.
GENSIX-70666,"[Bluetooth]:""Deleting device popup is getting closed on saving voice memo."""
GENSIX-70664,[Keypad] Alignment issue is Observed in Setup Search Keypad Screen.
GENSIX-70663,[Settings] :Reset popup getting displayed on RVC camera settings screen.
GENSIX-70633,[Voice memo]Alignment issue is observed in the voice memo screen.
GENSIX-70626,[Media]: Blank option is displayed under split screen options in display settings screen.
GENSIX-70625,"[Bluetooth]:""Inconsistent behavior is getting observed on putting call in hold state."""
GENSIX-70624,[Media]:File information Popup is not closing on rotating the tune knob in USB video screen.
GENSIX-70622,"[Connected services] Back and Menu options are enabling but not functioning after getting the ""No service available..""popup"
GENSIX-70607,"[Bluetooth]:Improper behaviour is observed in ""Vehicle Name"" Keypad on changing keypad settings to 10Keys"
GENSIX-70606,[CCS] Dual Focus is observed in Active Connected Service Screen.
GENSIX-70599,[Setup]: Focus is not appearing at the same option after closing the option Menu.
GENSIX-70598,"[Bluetooth] During BT Active call, Clicking on User Profile icon wrong popup is getting displayed"
GENSIX-70595,"[Phone] The Focus is not getting retained on ""Add to Favorite"" popup."
GENSIX-70580,[USM] On performing CCP Push Dail[Left] Focus is not shifting to the Left side in Distance Keypad Screen.
GENSIX-70539,[Setup] Highlight is not Proper in Date/Time Settings Screen.
GENSIX-70537,[USM]:String Value is displayed in the vehicle settings screen
GENSIX-70535,[Voice Recognition]: Focus is getting changed after closing the Menu option.
GENSIX-70533,[Bluetooth] No focus is observed in phone list screen.
GENSIX-70532,"[Setup] ""Cabin ventilation alert"" and ""Advanced anti theft"" options are not present in convenience screen"
GENSIX-70527,[OSD/Popup]:File Information Popup is getting Displayed On Device Connection Setting Screen.
GENSIX-70526,[OSD/Popup]:Hide Popup is not getting Displayed On Camera Setting Screen.
GENSIX-70511,[Manual] Options in parking are not displayed as per the spec
GENSIX-70509,[Popup]Popup is closing and moving to previous screen upon performing RVC on and off.
GENSIX-70501,[User Profile] No focus is observed in alert popup screen
GENSIX-70500,[Radio] No focus is observed on radio screen on coming back from delete presets screen.
GENSIX-70450,[Settings] Option Menu is closing on making display OFF > ON
GENSIX-70449,[Setting]:Reset Popup is getting Displayed On Device Connection Setting Screen.
GENSIX-70446,[Split screen] Split screen option is not changing in menu in USB music screen when changing the options from split screen on Phone projection popup.
GENSIX-70443,[Vehicle Setup]Option and Guide text is not as per the spec
GENSIX-70427,"[USB]: ""String value is getting displayed in USB ."""
GENSIX-70424,[Voice Memo]Mic Volume Bar is not displayed as per the spec
GENSIX-70414,[VR] The Focus is not accelerating fast to upmost or downmost in the option menu list.
GENSIX-70413,[Keypad] Inconsistent behavior is observed in User Profile Keypad Screen.
GENSIX-70411,[Home] Focus is not retaining properly to the previously focused option in home screen on performing display off/on.
GENSIX-70410,"[System] The Option Menu is getting opened on performing ""Press & Hold"" ""Menu"" H/K (CCP)."
GENSIX-70407,[Voicememo] Slow response is observed in Voice memo recording screen
GENSIX-70406,"[System] The Focus on the options is not rotating in cyclic order when rotating the ""Dial"" (CCP)."
GENSIX-70405,[Setting]:Able to Enter into Sound Setting Screen On Active Call State.
GENSIX-70404,[Map]:Blank screen is observed in Map screen on pressing Menu h/k.
GENSIX-70400,[Voice memo] AV Off OSD is not displayed on pressing AV off button
GENSIX-70397,"[System] The Option menu is not getting closed in ""Camera settings"" screen after screen transistion."
GENSIX-70394,[Manual] Dual focus observed in Manual screen
GENSIX-70393,[Setting]:Able to Enter into System Info Screen When Call is On Hold State.
GENSIX-70244,[Setting]:Inconsistent behavior is Observed on Holding Call State.
GENSIX-70242,[USM] When the focus is on the status bar Numbers are not entered in Duration Keypad Screen..
GENSIX-70241,[Settings]Overflow is observed in the Duration screen.
GENSIX-70238,[USM] Guide text is Overlaping with Scroll Bar in Vehicle Settings keypad screen.
GENSIX-70237,[Voice memo] Sometime Flikering is observed in Split screen on pressing custom button H/K
GENSIX-70236,[Keypad] Focus is not displayed on Tapping the characters for the first time.
GENSIX-70232,[User Profile]:Able to Enter into User Profile Screen When Call is on Hold State.
GENSIX-70225,[Settings] Flickering is observed in vehicle settings
GENSIX-70212,"[System] The option menu first depth is not getting closed on performing ""Swipe left""."
GENSIX-70208,[AssistantWindow] Media is not getting displayed in split screen when the fosus is on 'Audio source' option in 'USB Video' and 'Sounds of Nature' screens.
GENSIX-70207,"[RVC] Clicking on time , Split screen options are not getting closed in RVC Setup screen"
GENSIX-70201,[Voice memo] Voice memo is still recording on performing power off.
GENSIX-70200,[Setting]:Focus is Disappearing On Camera Setting Screen.
GENSIX-70198,[Split screen] Voice memo icon should not display in split screen while starting recording.
GENSIX-70196,[OSD/Popup] GCS activation popup is getting closed on performing display off/on in driver assistance screen.
GENSIX-70194,[Setting]:Split Screen is Reopening On Camera Setting Screen On Performing Display OFF/ON.
GENSIX-70192,[Settings] Slow response is observed in setup screen after performing power off.
GENSIX-70191,[DMB] :On tapping Full screen S/K -> DMB full screen mode is not displayed.
GENSIX-70188,[Setting]:Not able to Enter into Software Information Screen On Active Call State.
GENSIX-70187,[Settings] Split screen is getting displayed on selecting split screen options in button/touchpad settings.
GENSIX-70185,[OSD/Popup]:Video Manual Popup is getting Displayed On Voice Memo Recording Screen.
GENSIX-70131,[AnalogRadio]Able to scan the channels outside the scanning toggle area in radio screen.
GENSIX-70098,[Keypad]: Able to perform any operation on the popup in search keypad screen.
GENSIX-70093,"[Bluetooth] During BT Active call, making RVC ON OFF screen is exiting"
GENSIX-70090,"[Home]:On focusing the Icons through CCP, able to reorder in the empty space in the home screen"
GENSIX-70045,[Passenger Talk] : Passenger Talk Option is not getting Displayed for JK1 Head Unit
GENSIX-70044,[Setup]: Options are overlapping on rotating the ccp jog in Reorder setup screen.
GENSIX-70043,[Keypad]: Text overlapping is observed on rotating the CCP jog in search keypad screen.
GENSIX-70037,[Radio]: Focus is getting changed after closing the Menu option.
GENSIX-70036,[Voice recognition] Dual focus is observed on exiting the Voice recognition.
GENSIX-70035,"[Voice Memo]:""After performing some basic operations voice memo record is not getting started ."""
GENSIX-70031,"[Setting]:""Cannot input anymore popup is getting closed on pressing custm key."""
GENSIX-70018,[Bluetooth]Overlap is been observed on the Split screen AV card for confrence call text and the number of call added
GENSIX-70017,[Settings] : Continuous Seek Up/Down is Observed on Performing Long Press Up/Down
GENSIX-70013,[Setup] CCP Dial is not working after Reordering the options in Button/Touch Pad settings
GENSIX-70008,[Manual] Dual focus observed in manual screen
GENSIX-70004,[Radio] : Frequency Controller is not Stopping on Performing Long Press Seek S/K
GENSIX-69998,[Settings]:Font size is not getting changed for the selected option in Connected Services setting screen.
GENSIX-69997,"[Navigation]:""Dual fous is getting observed in navigation search keypad."""
GENSIX-69996,[Split screen] Passenter talk Talking info should close after returning back from RVC screen to passenger talk main screen in split screen.
GENSIX-69985,[Setup] Menu icons are getting stuck in Reorder setup menus screen in rear displays.
GENSIX-69980,[Settings]:Flickering is observed in search keypad screen on changing language.
GENSIX-69977,[Settings] Sound tune options are not as per the spec.
GENSIX-69927,[Setup]: Focus is not appearing at the same option after closing the option Menu.
GENSIX-69922,[Radio] Able to enter in delete preset screen from Front and Rear at the Same time
GENSIX-69920,[CCS] The Focus is not accelerating fast to upmost or downmost in the option menu list.
GENSIX-69919,[Seat] The Focus is not accelerating fast to upmost or downmost in the option menu list.
GENSIX-69918,"[OSD] ""Radio/Media off"" OSD is not displayed on performing PWR OFF while voice memo is in recording state."
GENSIX-69916,[Keypad]Focus is shifting upon performing RVC on and off
GENSIX-69915,[Keypad]: Close Keypad Button is Not displayed in navigation Keypad Screen.
GENSIX-69912,[USM] Focus is not retained on selected Option in Vehicle settings Screen.
GENSIX-69910,[Keypad] Inconsistant behaviour is observed in Keypad screen
GENSIX-69908,[Navi] The Focus position is not fixed in downmost after moving down quickly in the Option menu list.
GENSIX-69907,[Media Gate] Text overflow is observed in QQ Music and TingBan screens
GENSIX-69906,[Radio] Focus is not shifting to the last saved preset
GENSIX-69904,[Setup] Alert popup observed in CCS settings list screen
GENSIX-69903,"[Bluetooth]:""Able to enter in device connection setting during BT Active call after performing battery off/on."""
GENSIX-69902,[Keypad]: Able to click the empty input on the navigation search keypad screen.
GENSIX-69900,[Bluetooth]:Blank screen is observed in Bluetooth settings screen on changing language.
GENSIX-69899,[Media] The Focus position is not fixed in downmost after moving down quickly in the list.
GENSIX-69897,[Settings] : Flickering is Observed in Settings Search Keypad Screen on Selecting any option from Rear
GENSIX-69896,"[Voice Memo]:""Voice Memo delete popup is getting displayed in voice memo screen."""
GENSIX-69894,[Settings] Predefined messages are changing into previously selected language.
GENSIX-69893,[SXM] No focus is observed in channel list screen for the first time after reboot.
GENSIX-69891,[Settings]Dual focus is observed in the set time popup.
GENSIX-69890,"[Setup] No Focus is observed on ""Camera Settings"" screen after making IGN OFF->ON."
GENSIX-69889,[Keypad] Arabic Keypad is getting displayed when Default Keypad set Korean Keypad For China Region.
GENSIX-69886,"[Setup] ""Cannot input anymore"" popup is getting close upon pressing swrc ptt button."
GENSIX-69884,[Rear Display] : Radio Scanning OSD is getting Displayed in Radio Screen
GENSIX-69883,[DRM] : System is not Switching to Home Screen on Playing DRM in Rear Display
GENSIX-69870,[Radio] The Scanning is happening contionously & not getting released after changing the language from the rear display.
GENSIX-69864,[QIBLA] : Dual Focus is observed in QIBLA screen.
GENSIX-69861,[Navigation] Dual focus is observed in Plan tour screen.
GENSIX-69860,"[Media] The Status bar options are non-operational during changing the theme in ""Sound of nature""."
GENSIX-69858,[DRM] : Scan Operation is not taking place for the first time in DRM on Pressing Seek Up / Seek Down S/K
GENSIX-69856,[Settings] Text alignment issue is observed in Vehicle Settings screen
GENSIX-69851,[USM] Menu Options are getting selected on performing CCP touchpad button.
GENSIX-69850,[Setup]:CCP is not working on changing language.
GENSIX-69849,[Popup] : Flickering is observed on 'Date/Time' in Status Bar.
GENSIX-69848,[Manual] The Focus on the option menu is getting disappeared.
GENSIX-69847,[Voice memo] After changing language not able to enter in search screen
GENSIX-69846,[Settings] Flickering is Observed in Vehicle Settings Screen.
GENSIX-69844,[Settingsl]Text mismatch is observed in the vehicle settings screen.
GENSIX-69843,"[CCS] The option menu first depth is not getting closed on performing ""Swipe left""."
GENSIX-69842,"[Rear Display] The Status bar options are non-operational in ""Ambient light"" screen."
GENSIX-69840,[User profile] Driver 1 text Alignment is improper in user profile settings screen.
GENSIX-69839,[Settings] Empty radio button option is displayed in split screen options in Settings screen
GENSIX-69834,[CCS] Dual Focus is Observed in Connected Services Settings Keypad Screen After Performing RVC Off /On and Display Off/On.
GENSIX-69832,[Popup] Improper behaviour is observed in phone screen upon pressing ptt s/k while voice memo recording in background.
GENSIX-69831,[Settings]:String Value is displayed in the vehicle settings screen
GENSIX-69778,[Radio] : Sometimes Scanning is not happening when the Maximum Number of Presets are Saved
GENSIX-69776,"[Navigation]:""Previous destination is not getting deleted for the first time."""
GENSIX-69774,[Bluetooth]: Font size is not changing in favorites contact search screen.
GENSIX-69772,[Setup]: Focus is not appearing at the same option after closing the option Menu.
GENSIX-69770,"[Settings] : Delay is Observed in ""Feature Currently Unavailable"" OSD in System Volume Screen"
GENSIX-69769,[Keypad] Characters overlap is observed in Navigation Keypad screen.
GENSIX-69768,[Keypad] Search Icon is not displayed in Hand written input keypad screen
GENSIX-69767,[Settings] Text alignment issue is observed in Vehicle Settings screen
GENSIX-69766,"[Media] Continuous fast forward is happening for USB(video, music) in rear screen"
GENSIX-69764,[Keypad] keypad layout is not changing after tapping chinese keypad icon
GENSIX-69763,[Media]: Dual focus is observed in USB Video screen.
GENSIX-69761,[Voice Memo]:Slow Response is Observed On Time/Date Setting Screen On Voice Memo Recording State.
GENSIX-69759,"[Setting]:""Split Screen option is in enable state in setup search Screen."""
GENSIX-69755,"[Media] ""Sound of Nature"" OSD is not getting displayed in Rear screen"
GENSIX-69754,[Setting]:No Focus Observed On Time/Date Setting Screen.
GENSIX-69747,[Web Manual] Only one option is displayed in split screen option in web manual screen
GENSIX-69740,[Home] System is not transiting to Home screen on tapping home s/k.
GENSIX-69739,"[Bluetooth] The ""Mic Off"" OSD is getting closed before ""5 secs""."
GENSIX-69738,"[Navigation]:""Focus is getting disappeared in Navigation update information"""
GENSIX-69737,"[Menu] Inconsistent behavior is getting observed in Settings, Radio, Navigation Screens."
GENSIX-69736,[DMB] : Able to enter DMB 'Delete Channel list' screen at the same time for both Front and Rear Display.
GENSIX-69735,[USM]: Input field is taking more than specified characters after continuously inputting from CCP touch pad.
GENSIX-69734,[Setup] Smooth scrolling is not happening in Language setting screen.
GENSIX-69733,[Setup] Space is not provided between two text in General setting string
GENSIX-69731,"[Qibla]: "" Only first depth of the menu options are closing on tapping upon empty space of the screen"
GENSIX-69730,[USB Video] Slow response for playing the selected song on tune rotate
GENSIX-69728,"[Seat] Blank screen is displayed on selecting the options after ""Driving Restriction""."
GENSIX-69727,[Home] Screen is not navigating back to home
GENSIX-69723,[Settings] Text alignment issue is observed in Vehicle Settings screen.
GENSIX-69722,[Navigation] Blank screen is observed in navi search keypad
GENSIX-69720,[Settings]: Able to change the language on the language changing popup.
GENSIX-69715,[Phone]:HandWriting Gesture is Disappearing When Coming Back from Bluetooth Setting Screen.
GENSIX-69709,[Keypad]On tapping dot(.) character from the number keypad the cursor is shifting to left side.
GENSIX-69707,[Setup]:String Value is displayed in the vehicle settings screen
GENSIX-69706,[Popup] : Dual focus is observed in Climate screen.
GENSIX-69692,"[Profile] The System is not switching to the ""Saftey Warning"" screen after ""Profile Reset""."
GENSIX-69685,"[Carplay] Able to enter inside ""memory"" while in CP active call and ""Feature unavailable during call...""popup is not displayed after tapping on the Reset SK"
GENSIX-69679,[System] Delay is observed on performing RVC on/off for the second time.
GENSIX-69678,"[Bluetooth]:""System is entering in sound setting during BT Active call after performing battery off/on."""
GENSIX-69677,"[Keypad] Even on deleting the characters from input field, the characters are again displayed immediately in the input field."
GENSIX-69676,[Setup] Dual focus observed in general settings screen
GENSIX-69675,[Split screen] Text overlap is observed in split screen when font size set to extra large and language to French.
GENSIX-69674,"[Home] ""Language"" text is not displayed in ""English"" for ""Turkce"""
GENSIX-69673,[Settings]Focus and alignment issue is observed in the sound setting screen
GENSIX-69672,[Keypad] Blank Button is displayed in Navigation keypad Screen.
GENSIX-69671,[System] Focus is missing in Safety warning(Language setup) screen.
GENSIX-69669,[SXM] Scrolling is happening in background on rotating CCP wheel in skip channels screen.
GENSIX-69668,[Setup] No focus is observed on performing display off/on in search setup screen.
GENSIX-69667,[Setup] Guide text is overlapping with guide image in GPS information Screen.
GENSIX-69666,[Keypad] Alignment Issue is Observed in Navigation Keypad Screen.
GENSIX-69665,[OSD/Popup] Subscription status popup is not getting closed on performing RVC on/off.
GENSIX-69615,"[Settings] ""ENGLISH"" option is not displayed in English language when language is changed to Espanol"
GENSIX-69611,[Keypad] Focus is missing in rename keypad screen performing RVC ON OFF Operation
GENSIX-69602,"[Setting]:""Focus is getting disappeared in search setup screen."""
GENSIX-69598,[Setting]:System is not Switching to Time and Date Screen On Selecting Icon From Vehicle Setting Screen.
GENSIX-69595,[Settings] Selected option is unselected after making display OFF/ON
GENSIX-69594,[keypad] Characters are over-writing from the highlighted area in the navigation keypad screen
GENSIX-69591,[Keypad] Character Highlight is not displayed on Long Tapping Characters for 2nd time in Keypad Screen
GENSIX-69588,[Keypad] Focus is not getting moved to Countries' options through CCP.
GENSIX-69586,"[CCS] The option menu first depth is not getting closed on performing ""Swipe left""."
GENSIX-69583,"[Bluetooth] : Paired BT Device Name is not getting Displayed in ""Bluetooth Connection"" Popup"
GENSIX-69582,[Popup] : Phone Projection popup is getting displayed in VR screen.
GENSIX-69581,[User Profile]:Focus is moving background On Performing Display OFF/ON on Link Bluetooth Screen.
GENSIX-69575,[Voice Memo] : Sometimes Delay is Observed in the OSD on Performing Short Press Custom Button Set to Phone Projection
GENSIX-69573,[UserProfile]Unable to access the Menu SK for few seconds after pressing the SWRC Seek keys
GENSIX-69572,[Setup] Alert popup observed in CCS settings list screen
GENSIX-69570,[Setup]:Dual focus is observed in Seat Screen
GENSIX-69569,[Navigation] Focus is not proper in traffic > web manual screen
GENSIX-69568,[OSD/Popup]:Phone Projection Popup is Closing On Performing Display OFF/ON.
GENSIX-69566,[USB Music] Hide file popup is getting closed on performing display on/off->RVC on/off.
GENSIX-69565,[Home] Blank screen observed in front display
GENSIX-69564,"[Profile] : ""Reset"" Popup is not getting Displayed on Performing CCP Enter through Touchpad"
GENSIX-69563,[Popup] : Dual focus is observed in Sound of Nature screen .
GENSIX-69559,"[Menu]:""Inconsistant behavior is getting observed on performing RVC On/Off during display off."""
GENSIX-69556,"[Setting]:""Phone projection popup is getting closed for the first time on performing RVC On/Off."""
GENSIX-69548,[Popup] : 'Cannot input anymore' popup is getting closed on Pressing Custom button .
GENSIX-69530,[Voicememo] Statue bar buttons are non functional in setup screen during Voicememo recording state
GENSIX-69519,[Bluetooth]:System is entering into the BT Settings Screen from Front & Rear at the Same time.
GENSIX-69516,[Voicememo] Sometimes unable to record Voicememo
GENSIX-69513,"[Home] ""No Receivable Channels"" OSD is not getting displayed in Front Home screen"
GENSIX-69512,[Keypad] Scroll Bar is Disappearing on Performing CCP Rotate in Connected Services Settings Keypad Screen.
GENSIX-69506,[Radio] Option Menu is not closing on pressing Radio H/K
GENSIX-69505,[Radio] Scanning information is getting displayed in split screen even after changing the gear from R->P.
GENSIX-69481,[Setup]: Focus is not appearing at the same option after closing the option Menu.
GENSIX-69478,[Setup] Not able to tap on time icon through S/K
GENSIX-69477,"[OSD] ""Passenger talk ended"" OSD is not displayed upon start recording the voice memo."
GENSIX-69465,"[Profile] The Focus from status bar is not switching to the below options on pressing ""Dial to down"" (CCP)."
GENSIX-69464,[Setting]:Blank Screen is getting Displayed On Device Connection Setting When Entering From Phone Projection Popup.
GENSIX-69461,"[Keypad] ::"" Delete icon is not in correct place on selecting Korean keyboard second option(????)."""
GENSIX-69459,"[Settings] : ""Add New Device"" Popup is not getting closed on Pressing SWRC Mode Button or SWRC END Button"
GENSIX-69458,[Settings]OK button is not displayed in the keypad screen
GENSIX-69457,"[Navi] The System is not switching to ""Driving Restriciton"" screen during ""Drive"" state."
GENSIX-69456,[Setting]:Inconsistent behavior is Observed On Resetting the Position in Sound Setting Screen.
GENSIX-69455,[keypad] Special Characters are over-writing from the highlighted area.
GENSIX-69454,[Navigation] Input characters are not getting deleted upon Long Pressing Delete S/K in Navigation Keypad screen.
GENSIX-69451,"[Manual] The ""Handwriting Manual"" options are getting disappeared when returning from ""Driving Restriction"" screen."
GENSIX-69449,[Keypad] Capslock icon is able to access on tapping the nearby disabled character.
GENSIX-69446,"[Radio] ""Radio/Media off"" OSD display is delayed after performing PWR OFF from Radio screen"
GENSIX-69443,[Home]: Screen is not Performing for the respective action.
GENSIX-69441,[CCS] Dual Focus is Observed in Connected Services Settings Keypad Screen.
GENSIX-69440,[Voice Memo]:Slow Response is Observed On Button/Touch pad Screen On Voice Memo Recording State.
GENSIX-69439,"[Genesis] Blank screen is observed after tapping ""OK"" on genesis service not active popup"
GENSIX-69436,[CCS] Ok Button is disappearing upon tapping OK button.
GENSIX-69432,[Setting]:Focus is Disappearing on Performing Display OFF/ON On Camera Setting Screen.
GENSIX-69431,[Radio]:String Value is getting Displayed On Delete Preset Popup.
GENSIX-69378,"[Voice Memo]: ""System is getting hanged while coming back from storage information or web manual from voice memo in voice memo recording state. """
GENSIX-69373,[Radio] The Toast popup is getting closed on making Display OFF->ON.
GENSIX-69370,[Radio] Dual focus is observed in band popup screen.
GENSIX-69364,"[Setup]: ""Cannot input anymore"" popup is dissapearing on changing font size and display ON and OFF"
GENSIX-69362,"[Setup] Focus is not shifting to ""center"" option after pressing the CCP pushdial down HK"
GENSIX-69354,[Popup] : Blank screen is observed for few seconds in User profile screen.
GENSIX-69353,[Radio] Delay is observed for displaying scanning osd upon making display off
GENSIX-69352,[Settings]'Adjusting volume levels in front seat' OSD is not displaying upon control volume bar.
GENSIX-69346,"[Map]: ""Flickering is observed in Previous destination delete screen . """
GENSIX-69342,[Bluetooth] Screen is not navigating back to the phone screen after tapping back s/k for the first time
GENSIX-69333,[Popup] : 'Cannot input anymore' popup is getting closed on making Display off /on in Phone screen .
GENSIX-69329,[Bluetooth]: Focus getting disappears on clicking the menu button in CCP jog.
GENSIX-69325,"[Settings]Upon performing basic operations of CCP,Tapping on search icon no action is performed"
GENSIX-69323,"[Navi] The option menu first depth is not getting closed on performing ""Swipe left""."
GENSIX-69301,[Popup] : Delete popup is getting closed on Pressing Custom button .
GENSIX-69299,[Voice memo]: Search screen is not displayed on tapping the search icon in voice memo screen..
GENSIX-69298,"[Bluetooth]: ""Entered arabic character is getting deleted when entering new characters . """
GENSIX-69295,"[Bluetooth] The Popup is not getting closed in ""Driving Restriction"" screen."
GENSIX-69293,[Settings] Spliscreen is getting changed on making Display OFF> ON
GENSIX-69292,[Keypad] Keyboard is not changed to korean in navigation
GENSIX-69290,[OSD] : Slow response is observed in DMB screen.
GENSIX-69289,[Navi] No focus is observed on the option menu in keypad screen.
GENSIX-69288,[Setup]: Focus is not observed in Activate Connected Services Screen.
GENSIX-69287,"[Voice memo] During voice memo recording able to enter in ""sound setup"" in Rear screen"
GENSIX-69286,[Sound of nature] Volume bar text is not proper in split screen for sound of nature.
GENSIX-69285,[Settings] Focus is not shifted to the corresponding option.
GENSIX-69284,"[Bluetooth] The Option Menu is getting closed in ""Driving Restriction"" screen."
GENSIX-69282,[System] Menu and Home buttons are non functional after presssing SWRC seek up/down
GENSIX-69280,[Navigation] Dual Focus is observed in Navigation Address Book Screen.
GENSIX-69277,[Map] Disabled Menu options are opening after pressing the RRC Menu HK
GENSIX-69275,[Navigation] Flickering is Observed in Navigation Keypad Screen.
GENSIX-69274,"[Bluetooth] The ""Back"" & ""Menu"" H/K's are non-operational in the ""BT keypad"" screen."
GENSIX-69273,[UserProfile] Cannot input anymore popup is closing on pressing Custom H/K on First run setup screen
GENSIX-69271,[Bluetooth] Unable to change the alignment in keypad screen.
GENSIX-69269,[Keypad]Entered input special characters taking two times in keypad screen.
GENSIX-69267,"[Popup]'Cannot input anymore'popup is closing upon pressing swrc seek up,seek down and mode h/k."
GENSIX-69264,[Keypad] Focus is disappearing in Navigation Keypad screen on Pressing RRC Push Dial[Right]
GENSIX-69214,[Keypad] Inconsistance behaviour observed in input search keypad
GENSIX-69210,"[Navigation]: ""Focus is shifting from menu on performing display off."""
GENSIX-69209,"[Bluetooth] ""Bluetooth Audio Unavailable"" popup is not getting closed after ending the BT call"
GENSIX-69207,[Keypad] Input field characters are deleting continuosly after hold and removing the finger from delete SK
GENSIX-69204,"[Qibla]: "" Menu is not Closing through touch in Qibla""."
GENSIX-69201,[Keypad]: Blank screen is observed on Keyboard settings screen.
GENSIX-69197,[Menu] : Focus is available on Option menu in Camera Settings screen while changing the language .
GENSIX-69195,[Bluetooth] BT incoming call popup is closing after getting the max character limit reached popup
GENSIX-69193,[Popup] : 'Changing language' popup is not getting displayed in Camera Settings screen .
GENSIX-69192,"[USB Video] ""Repeat sub folder"" toggle button is not displayed on USB video list screen"
GENSIX-69189,[Radio] Smooth scrolling is not happening in FM delete preset screen.
GENSIX-69174,[Split screen] Screen transition is not proper in split screen upon accessing map.
GENSIX-69170,[Settings] Display is not getting turn OFF after pressing custom key
GENSIX-69166,[Qibla] Menu is not opening through touch after Closing Menu with CCP Push Dial [up].
GENSIX-69161,"[Home] Alert popup is not coming after tapping ""Data management "" option in Connected services settings"
GENSIX-69146,[HD Radio] Text overflow is observed in radio options when the language is set to french.
GENSIX-69138,[OSD] Sometimes Delay is observed for displaying osd upon pressing media H/K's while Voice memo is in recording state.
GENSIX-69136,[RVC] Media volume is not retained back to previous volume after coming back from RVC
GENSIX-69134,[HD Radio Data] Focus is disappearing in fuel prices screen.
GENSIX-69132,[Keypad] Alignment Issue is Observed in Setup search keypad screen.
GENSIX-69129,"[EU radio]According to spec,Scan option is not disabled."
GENSIX-69128,[Navigation]: Blank split screen is displayed on changing the language in navigation screen.
GENSIX-69127,"[CCS] Dual focus is observed on the ""Maintenance"" screen."
GENSIX-69126,[QIBLA] Dual Focus is observed in QIBLA screen.
GENSIX-69124,"[Bluetooth]: ""Able to enter in sound setting during BT Active call ."""
GENSIX-69123,[RVC] Slowness observed clicking on time in RVC setup screen
GENSIX-69121,"[Keypad] After changing the language to Hindi,'ok' button is not getting changed as per the language in Vehicle name screen."
GENSIX-69120,[Setup]: Dual focus is observed in camera settings screen upon RVC ON and OFF.
GENSIX-69119,"[System] The Option Menu is getting opened on performing Press & Hold ""Menu"" H/K (CCP)."
GENSIX-69110,[Settings] Option menu is not opening on pressing Menu H/K
GENSIX-69106,"[Radio] ""Refresh Complete."" toast popup is not getting closed after screen transistion."
GENSIX-69104,"[Split Screen] : ""Blank screen is getting displayed in split screen for all modules."""
GENSIX-69103,[System] Screen is not transiting to previous screen ontapping back S/K
GENSIX-69102,[Settings]Overlap is observed in the system reset popup.
GENSIX-69099,[Navigation]: Able to scroll the options on the BT incoming call popup.
GENSIX-69098,"[Keypad] : ""Alignment is not proper in setup search keypad ."""
GENSIX-69097,[Setting]:Camera Setting Screen is not going to Home Screen On Tapping Home S/K.
GENSIX-69096,"[Bluetooth] Dual focus is obsereved on the ""BT Delete Device"" screen."
GENSIX-69095,"[Radio] Focus on the options is getting disappeared in ""Delete Presets"" screen."
GENSIX-69050,[Setup] Screen is navigate back to settings list after making display OFF/ON
GENSIX-69044,[OSD/Popup]:Video Manual Popup is Closing On Performing Display OFF/ON.
GENSIX-69042,[Settings]:Inconsistant behaviour is observed in wifi settings screen upon RVC ON and OFF.
GENSIX-69039,[Settings] Focus is not switching back to the previously selected option in Keyboard Settings screen.
GENSIX-69038,[Bluetooth]:Able to Enter into Bluetooth Setting Screen When Call is on Hold State.
GENSIX-69036,[Setup] Calender option is displayed for some split screen options.
GENSIX-69034,[Bluetooth]:'This Feature is unavailable when Call is on Hold' Popup is not getting Displayed on Tapping Bluetooth Setting Options.
GENSIX-69031,[User Profile] Activating Network progress screen is getting displayed in rear after making RVC ON OFF Operation
GENSIX-69030,[SVM] Inconsistance behaviour is observed while turn on the rear camera
GENSIX-69026,[keypad] Characters are over-writing from the highlighted area.
GENSIX-69025,[Keypad]: Focus is not observed in Data/Network settings screen.
GENSIX-69024,[Split screen] Voice memo icon is flickering in split screen while starting the recording.
GENSIX-69023,"[Climate] Focus is disappearing after pressing the CCP pushdial in ""Rear climate control"" screen"
GENSIX-69022,[Voicememo] Reseting popup is not closing on performing basic operations
GENSIX-69020,[Popup] : 'Cannot input anymore' popup is getting close on making RVC off/on.
GENSIX-69018,[Voicememo]: Save to USB device screen is displayed even though the USB Device is not connected.
GENSIX-69016,[Setup] Inconsistance behaviour observed in general settings
GENSIX-69011,[System] Able to access Profile & BT settings screen during SOS call.
GENSIX-69008,[Setting]First Run settings popup is getting closed on pressing PWR L button from Rear RRC
GENSIX-69000,"[Map]""Paused the guidance""Toast popup is closing upon RVC on and off"
GENSIX-68998,[Voice memo] Storage memory full popup is getting closed After Display OFF>ON
GENSIX-68997,"[Setup] : ""Enable Android Auto popup is getting closed on pressing PTT during Voice Memo Recording state."""
GENSIX-68995,[Navi] The Focus on the option menu is getting changed on making Display OFF->ON.
GENSIX-68994,[Setup] Font size is not changing upon changing any of the font size options
GENSIX-68992,[Setting]:Able to Enter into Sound Setting Screen On BT Active Call State.
GENSIX-68991,[Setup]: Options are overlapping on rotating the ccp jog in Reorder setup screen.
GENSIX-68990,[Setup] CCP Dial is not working after Reordering the options in Button/Touch Pad settings
GENSIX-68989,"[User Profile] Sometime not able to select ""Link"" button"
GENSIX-68987,[Passenger Talk] Font size is not changing in split scren for passenger talk
GENSIX-68983,[Bluetooth] Focus is not retained on selected Option in Text Message Screen.
GENSIX-68981,[Keypad]: Text overlapping is observed on rotating the CCP jog in search keypad screen.
GENSIX-68980,"[Settings] : Sometimes , Settings Reorder Screen gets hanged for some Seconds on Performing Reorder"
GENSIX-68979,[Setup] Improper behaviour is observed in general settings screen upon making display off/on.
GENSIX-68978,[Map] Flickering is observed on the Home app(Map icon) screen after performing the display on -> off
GENSIX-68975,"[Setting]After changing language to English, Kakao voice destination popup is not closed"
GENSIX-68974,[settings]KaKao GCS Activation popup doesnot display on Android auto connection popup while pressing custom H/K set to KaKoa voice dest
GENSIX-68969,[Keypad]:Dual focus is observed in Data/Network settings screen.
GENSIX-68968,[Keypad]: Able to perform any operation on the popup in search keypad screen.
GENSIX-68965,[Keypad]OK button is not displayed in special character keypad in Save keyboard screen.
GENSIX-68964,[OSD/Popup]:Incoming Call Popup is getting Displayed On Message Screen.
GENSIX-68879,[Bluetooth] The Focus on the popup is getting changed on making Display OFF->ON.
GENSIX-68878,"[Voice Memo] : ""Storage full popup is getting flickered on pressing Custom button."""
GENSIX-68877,"[System] Inconsistant behaviour observed for delete popup on DMB , Radio and Voice memo screen"
GENSIX-68876,[Setting]Popup is closing on pressing Custom button set to KaKao Voice Dest from SWRC
GENSIX-68875,[Setting]:Phone Projection Popup is not getting Displayed On Camera Setting Screen.
GENSIX-68874,"[VR]""Unavailable in Current language popup"" is getting closed on pressing PTT H/K from SWRC"
GENSIX-68873,"[Voice Memo] ""Voice Memo saved"" OSD is getting displayed on making ACC ON->OFF."
GENSIX-68872,[RVC]:Focus is not Shifting to Split Screen through CCP H/K.
GENSIX-68871,[Settings]Reset Toast popup is closing upon RVC on and off
GENSIX-68869,[Bluetooth] Flickering is observed in BT Audio list screen and for scroll bar.
GENSIX-68867,[Map]After setting the destination from Navigation screen ->Calculating Process Bar gets hanged along with screen and processing stops
GENSIX-68866,[CCS] The Reset popup is getting closed on making RVC ON->OFF.
GENSIX-68863,[DMB] : Blank screen is getting displayed in DMB screen.
GENSIX-68862,[HD Radio Data] Option menu is not getting closed on tapping update option.
GENSIX-68861,[Bluetooth] Option menu is closing on making Display OFF>ON
GENSIX-68860,[HD Radio] No focus is observed on performing refresh in the station list screen.
GENSIX-68859,[OSD/Popup]:'Cannot Input Anymore' Popup is getting Closed On Pressing Custom key When Custom key Set to Phone Projection.
GENSIX-68858,"[Navigation] : ""VR Icon is getting displayed in Rear display""."
GENSIX-68856,[Setup]: Focus is not present in search setup screen on changing the language in rear screen.
GENSIX-68854,"[Radio]:The Front & Rear Display's are entering into the ""Radio Delete Presets"" screen at the same time."
GENSIX-68853,[Settings] : Option Menu is getting Closed on Performing Display Off and On
GENSIX-68840,[USB Video] Some time Volume card is flickering on performing AV OFF operation in RVC screen
GENSIX-68833,[DMB]On tapping Full screen S/K -> DMB full screen mode is not displayed
GENSIX-68830,[Popup] : Hide popup is getting close on making Display off / on.
GENSIX-68828,[Bluetooth] unable to input phone numbers in Phone screen dial pad
GENSIX-68825,"[Voice Memo] The ""File Saved."" toast popup is not getting displayed on ending the voice memo recording."
GENSIX-68824,"[Rear Display] : Menu options are closing after performing the display on->Off from ""weather"" screen"
GENSIX-68822,[Setup][Vehicle] String value is observed in parking safety
GENSIX-68821,"[Voice Memo] : ""Storage full popup is getting closed on performing display Off/On."""
GENSIX-68813,[Usb Video] Sometime USB Video is not visible in Split screen
GENSIX-68807,[Keypad] Upon Tapping Shift S/K changes is not applying for Latin Keyboard screen
GENSIX-68806,[Setup] The Focus is getting disappeared during reordering the options in the list.
GENSIX-68804,[setup] Focus is disappearing after pressing the CCP pushdial Down HK in fuel price info screen
GENSIX-68802,[Climate]: Font size is not changing in Climate screen.
GENSIX-68801,[Setup]: Beep option is not displayed under sub system volume in sound settings screen.
GENSIX-68796,[Manual] Dual focus observed in manual screen
GENSIX-68794,[Valet Mode] The entered numbers are getting disappeared in Valet mode keypad screen.
GENSIX-68793,"[Setup] ""Normal"" and ""Export"" Options are not able to select in Voice recognition settings screen."
GENSIX-68790,[Popup] : 'Unavailable in current language ' popup is getting closed on making RVC on -> off.
GENSIX-68789,"[AnalogRadio]: Font size is not getting changed in ""Unavailable in the Current language"" popup"
GENSIX-68786,[Media]:Inconsistent behavior Observed During Incoming Call.
GENSIX-68785,"[Settings] ""Feature unavailable while Recording "" popup is getting closed on ending Voice memo"
GENSIX-68782,[Manual]Text mismatch is observed in the manual screen.
GENSIX-68781,"[CCS] ""Cannot input anymore"" popup is getting closed on making RVC ON->OFF."
GENSIX-68775,[Radio] : Scan Behavior in Radio is not Proper on Switching the User Profile
GENSIX-68774,[Setup][Vehicle] String value is observed in convenience screen
GENSIX-68772,[Data/Network] Option menu is getting closed on performing display off->on.
GENSIX-68771,[keypad] Characters are over-writing from the highlighted area.
GENSIX-68770,[Setup] The Popup is not getting closed on making IGN OFF.
GENSIX-68769,[Setup][Vehicle] String value is observed in cluster settings screen
GENSIX-68767,[HD radio data] Option menu is not getting displayed for second time on pressing CCP menu h/k.
GENSIX-68762,"[Setup] ""Cannot input anymore"" popup is getting close while saving Voice memo file."
GENSIX-68761,[Manual] : No focus is available on option menu after changing the Language.
GENSIX-68722,"[Radio] : ""Incoming Call"" Popup is getting Displayed in Sound Settings Screen"
GENSIX-68721,[Rear Display] : Able to Access Sound Settings During Call
GENSIX-68720,[Setup] Font size is not changing upon changing the font size to extra large
GENSIX-68717,[Rear Display] : Able to Access Sound Settings Screen During Call
GENSIX-68711,[Manual] : No Response is Observed on Trying to Input Letters Through Handwriting Gesture When Language is set to Hindi
GENSIX-68709,[Setup]Sometimes Upon tapping on the ABC character in the keypad its not displaying the suggestion
GENSIX-68707,[Settings] USB video is resuming on making changes in Sound settings
GENSIX-68706,[Voice memo] Able to perform reset operation during voice memo recording
GENSIX-68705,"[Setup] The Screen slide effect is observed on making Display OFF->ON in ""Wi-Fi settings"" screen."
GENSIX-68703,[Bluetooth]:System is entering into the BT Settings Screen from Front & Rear at the same time.
GENSIX-68697,"[Radio]:""Delete Presets popup is getting closed during incoming call."""
GENSIX-68692,[Settings] Option menu is closing on making Display OFF>ON in AV Off state
GENSIX-68691,[Navigation] Corresponding option is not focused in Navigation
GENSIX-68690,[Popup]:Phone Projection Popup is getting Closed On Tapping Rear Display Screen.
GENSIX-68674,"[Profile] : ""Switching User Profile"" Toast Popup is not getting Closed on Performing ACC OFF and ON"
GENSIX-68647,[map] Previously focussed item's action is performed after the focus is changed
GENSIX-68645,"[Navigation] : ""Focus is getting disabled in Satellite Status."""
GENSIX-68642,[Setup] The Popup is getting closed on making RVC ON->OFF.
GENSIX-68636,[Setup]: Overlapping is observed on reordering in Button/Touch pad settings screen.
GENSIX-68635,"[OSD/popup] ""Network connection unsuccessful"" popup is not getting closed on long pressing custom H/K(faceplate and SWRC)."
GENSIX-68634,"[Setup] The System is not switching to second depth options through ""Dial"" (CCP)."
GENSIX-68632,"[Navigation]:""Cannot input anymore popup is getting closed on performing RVC On/Off."""
GENSIX-68624,"[System] : On Performing System Reset Through Rear Display , ""Resetting"" Toast Popup is not getting Closed in Front Display"
GENSIX-68617,"[Navigation]:""Search icon is getting flickered in Navigation menu."""
GENSIX-68615,[Popup] : 'Cannot input anymore' Popup is getting flicker in display off state.
GENSIX-68610,"[Setup] The ""Network connection unsuccessful"" popup is getting displayed on the ""Saftey Warning"" screen."
GENSIX-68604,[Settings]: Selected option is not getting highlighted in User Profile Settings Screen.
GENSIX-68602,[HD radio data] Focus is disappearing on tapping menu s/k.
GENSIX-68601,[Radio]Flickering is observed on the station list menu options after performing the Display on->off
GENSIX-68600,[Android Auto] Display off should not happen for Android Auto active call state
GENSIX-68599,[Popup] : Flickering is observed in Button/Touch Pad Settings screen.
GENSIX-68595,"[Setup] Dual focus is observed in ""Data / Network"" screen."
GENSIX-68594,[UserProfile] Flickering is observed while closing the menu options in user profile screen
GENSIX-68592,"[Rear Display] : ""Weather/News Report"" Popup is not getting Displayed in Rear During Display Off State"
GENSIX-68590,[Split screen] Text overlap is observed in split screen when font size set to extra large.
GENSIX-68589,[Manual]: No action is observed on tapping the options in Vehicle quick guide screen.
GENSIX-68585,"[Bluetooth] ""Up-down arrow"" is not getting released after screen transistion."
GENSIX-68584,[Navigation] No focus is observed in Information screen
GENSIX-68579,[Home] Sometimes media icon is not displayed in Home screen.
GENSIX-68529,[Radio] Radio band options are not changing to corresponding font size after changing the font size from Rear display
GENSIX-68523,"[Navigation] ""Connected service is not active..""popup is not terminating after tapping on the first attempt of ""OK"" SK"
GENSIX-68520,[USB Music] USB music Artist list scrolling is not proper
GENSIX-68519,[Voice Memo]:'Enter a Number between 1-999' Popup is getting Displayed On Voice Memo Recording Screen.
GENSIX-68515,[Home] Improper behavior is observed on Connected services settings screen.
GENSIX-68514,[Settings] Changed font size is not reflected in Navigation settings For Espaola Language.
GENSIX-68513,[Radio]: Screen is not returning to radio screen after deleting the presets.
GENSIX-68508,[Home] Screen is not navigating back to home screen
GENSIX-68501,[DRM] : Able to Add Already Added Preset in the List
GENSIX-68494,"[Settings]: Flickering is observed in ""User Profile settings"" screen"
GENSIX-68492,[Keypad] Cursor is Moving to the End When Select Delete S/K in Setup Search Keypad Screen.
GENSIX-68489,[Rear Display] : DRM info OSD is getting Displayed in Radio Screen
GENSIX-68484,[Keypad] No Focus on the Screen When Tapping Space S/K in Route Options Keypad Screen
GENSIX-68483,[Split screen] Flickering is observed in split screen for display settings screen.
GENSIX-68482,[Navigation] Dual focus is observed on the destination search screen after performing Display on->Off
GENSIX-68479,[Keypad] Inconsistance behaviour observed in Bluetooth name change keypad
GENSIX-68478,"[Keypad] ""-"" this symbol is disappear for 10 Keys Capital keyboard in Route Options Keypad screen"
GENSIX-68476,[navigation] Menu options are closing after performing the display on->Off from destination info screen
GENSIX-68465,[BluetoothAudio] BT audio sound is not audible after coming back from Sound setting (subsystem volumes)
GENSIX-68453,"[Voice memo] During voice memo recording able to enter in ""User Profile"" screen"
GENSIX-68440,[Keypad] Change input method popup is closing after performing Rear camera on->Off
GENSIX-68437,[USB Video] Focus is not shifting on pressing CCP wheel Left/Right
GENSIX-68433,[Settings] Focus changes after making display OFF/ON in connected services
GENSIX-68430,[Settings]: Focus is not observed in the camera settings screen upon RVC ON and OFF
GENSIX-68428,[Keypad] Focus is not proper on Delete button in BT vehicle Rename screen
GENSIX-68423,[Splitcreen] Selected splitscreen is not retaining in vehicle settings
GENSIX-68422,[USM] String Value is Displayed in Vehicle Settings Screen for Espanol Language
GENSIX-68420,"[Profile] The CCP H/K's are non-operational in the ""Saftey warning screen"" after ""Profile Reset""."
GENSIX-68418,[Settings] Option menu is getting closed on making Display OFF > ON
GENSIX-68417,[Navigation] Searching popup is appearing each time after making the display on->off
GENSIX-68415,"[CCS] The Popup is getting displayed on the ""Saftey Warning screen""."
GENSIX-68414,[Settings] Dual focus observed in connected services settings
GENSIX-68413,[Radio] Menu option is closing when accessing radio from another screen.
GENSIX-68410,[Keypad]:Not able to Select Options From English Keyboard.
GENSIX-68409,"[Bluetooth]: Font size is not displayed properly for ""Use Private"" option in BT call screen."
GENSIX-68408,[Settings]: Focus is disappearing in the popup on changing font size in the rear screen
GENSIX-68404,[OSD/popup] Popup changes its position on performing RVC on and off.
GENSIX-68400,[Settings] Flickering is observed in user profile settings
GENSIX-68394,[Setup] The Focus on the popup is getting changed on making Display OFF->ON.
GENSIX-68392,[Setup] The Option menu is getting closed on making Display OFF->ON.
GENSIX-68385,[Setting]:No Focus Observed on Camera Setting Screen On Pressing Home H/K.
GENSIX-68382,"[Keypad] Keypad layout is not changed to numbers after tapping "" 123# "" icon in keyboard"
GENSIX-68380,"[Radio]:""Scan FM is not working for first time after accepting BT Call."""
GENSIX-68325,[Settings] Changed font size is not reflected in Navigation settings
GENSIX-68311,[Setup] Search button is flickering in navigation settings screen upon making display off/on.
GENSIX-68305,[Rear camera]Image is missing in the RVC screen
GENSIX-68304,[USM] String Value is Displayed in Vehicle Settings Screen for Francais Language
GENSIX-68302,[Agreement screen]: Font size is not displayed properly for third option of agreement screen.
GENSIX-68300,"[Setup]:""Inconsistent behaviour of screen transition is getting observed on pressing mode."""
GENSIX-68297,[Settings] Text alignment issue is observed in setup screen
GENSIX-68295,[Keypad] Focus is not proper on Delete button in Data/Network Settings Keypad Screen.
GENSIX-68293,"[Bluetooth]: Font size is not displayed properly for ""favorites contacts full"" popup."
GENSIX-68292,[Carplay] Display off is not happening while in active call state for carplay.
GENSIX-68286,[Keypad] Alignment Issue is Observed in Setup search keypad screen.
GENSIX-68285,[Navigation]:Focus is disappearing from Country Information Screen On performing RVC ON/OFF.
GENSIX-68280,"[Setup] The System is not exiting from the ""Vehicle settings"" screen on making ""IGN OFF""."
GENSIX-68252,[Settings] Text alignment issue is observed in Smart Cruise Control screen.
GENSIX-68248,[Navigation]:Search icon is not displayed on the title bar in navigation settings screen.
GENSIX-68245,"[Setup] ""Active sound design"" options are not placed as per the spec"
GENSIX-68244,[USM] String Value is Displayed in Driver Assistance Screen for Francais Language.
GENSIX-68239,[Sound of nature] Focus is disappearing on sound of nature Menu
GENSIX-68234,[HD Radio] Show radio text option is inconsistent for FM and AM.
GENSIX-68233,[Navigation] Flickering observed in navigation settings screen
GENSIX-68230,"[OSD/popup] ""No featured favorites channels available"" popup is not getting closed on performing RVC on and off."
GENSIX-68228,[Settings] Speed Limit Offset Slider behaviour is not as per the spec.
GENSIX-68227,"[Navigation]: ""Cannot input anymore "" popup is dispalyed in map screen on changing language."
GENSIX-68226,[Settings] Delay is observed when clicking on web manual and display off button in user profile settings screen
GENSIX-68225,[Settings] '+' and '-' options are not getting disabled after reaching the maximum limits in Speed Limit Offset slider.
GENSIX-68221,"[Popup]""Unavailable in current language"" Popup is getting dismissed on performing RVC ON OFF"
GENSIX-68220,[Settings] Text alignment issue is observed in Driver Assistance screen.
GENSIX-68218,"[Settings] Reset popup is not coming after tapping on reset option for the "" first time """
GENSIX-68171,[System] Improper screen transition is observed after performing rear camerta on->Off
GENSIX-68168,[Settings] Focus is not changing properly in Camera Settings screen.
GENSIX-68162,[Carplay] Blank screen is getting displayed clicking on carplay icon
GENSIX-68159,[Split screen] Blank screen is observed in split screen while accesing Android Auto from USB video
GENSIX-68158,[Settings]: Able to Reorder the setup menus on the BT incoming call popup.
GENSIX-68157,[Settings][Vehicle] Inconsistance behaviour observed in vehicle settings
GENSIX-68148,[Bluetooth Audio] Change device popup is not as per the spec
GENSIX-68146,[Setup] Flickering is observed in the sound setting screen.
GENSIX-68144,"[Setup]: ""System is getting hanged on performing mode operation in display off condition on navigation favourite popup""."
GENSIX-68142,[OSD/Popup]:Change Device Popup is Flickering on Version Info Screen.
GENSIX-68139,[Rear Display]:Screen is getting Freezed on Performing Power OFF.
GENSIX-68125,"[Keypad] :""Overlapping is getting observed in suggestion for china Keypad."""
GENSIX-68124,[Voice Memo]:'No Other Device is available*' Popup is getting Displayed On Voice Memo Recording Screen.
GENSIX-68121,[Settings]: Screen is navigating to setup screen on performing RVC on/off.
GENSIX-68107,[Navigation] Change Order CCP Icon is Flickering When go to Edit Root Screen.
GENSIX-68104,"[Keypad] Upon long press the 'X' s/k,input search field is not getting cleared"
GENSIX-68103,[Voice Memo] The Toast popup is getting closed on making Display OFF->ON.
GENSIX-67909,"[Navigation] : ""Recalculating"" Process Bar is not getting Completed after After Performing Daisplay OFF and ON"
GENSIX-67905,[Settings]: Delay is observed on selecting the options in search screen.
GENSIX-67896,[Voice memo] Software info is not getting displayed in system info screen on long pressing the Setup H/K.
GENSIX-67894,[Setup]Blank screen is getting displayed in System info screen on long pressing the setup H/K.
GENSIX-67893,[OSD/popup] Feature unavailable while recording popup is getting closed on performing RVC on and off.
GENSIX-67847,[Passenger Talk] Inconsistance behaviour is observed when entering in to passenger talk while voice memo is in recording state.
GENSIX-67846,"[Radio] Flickering is observed on the ""Radio noise control"" option after performing Display On->Off"
GENSIX-67843,[Setup] Menu options are closing in AV Off state after performing the Display on->Off
GENSIX-67839,[Settings]: Dual focus is observed in Setup screen .
GENSIX-67830,"[Settings][Vehicle] "" Recirculation Mode Plus ""option is not present in climate"
GENSIX-67829,[Voice memo] Slow response is observed when making display off in voice memo screen.
GENSIX-67826,[Settings] Some options are not present in the cluster as per the spec
GENSIX-67824,[Settings] BT connection popup is not getting closed upon long press custom hardkey
GENSIX-67755,[Popup] : Incoming call popup is getting flickered in RVC screen.
GENSIX-67754,[Splitscreen] :'Elevation' String value is not converted on changing language to Hindi in Compass Splitsscreen
GENSIX-67746,[Home]: After resetting the system font size is not changing in Climate screen
GENSIX-67745,[setup] System is freezing after pressing the SWRC Mode button from Radio delete presets popup
GENSIX-67739,[Popup] : 'Bluetooth Preference' Popup is getting displayed in Sound of nature screen and Radio screen.
GENSIX-67723,"[Settings]Upon changing the language to korea, Active sound design option is still displayed in english."
GENSIX-67722,"[Settings]: ""Active sound design "" is still getting displayed in Convenience screen even though it is deleted from the spec."
GENSIX-67714,[Ambient Light] : Spelling mistake is observed in the ambient light option.
GENSIX-67709,[Navi] : Slow response is observed in Navigation Menu Screen.
GENSIX-67705,[VoiceMemo] Menu options are not closing after peforming display off->On
GENSIX-67704,[Keypad] Cursor position is not maintain after display off->on and RVC off -> on In Navigation Keypad Screen.
GENSIX-67699,[User profile]: Text Overlap is Observed in User profile screen.
GENSIX-67695,[System] Sometimes Front screen bottom panel is getting freezed and not able to select
GENSIX-67692,[Radio] Delete preset popup and band popups are not closing after performing SWRC PTT.
GENSIX-67685,[Vehicle] Focus is not getting transferred to Delete on enabling it by passing signals in Digital Key screen.
GENSIX-67682,[Navigation menu] Split screen options are not changing on rotating CCP dial in navigation menu screen.
GENSIX-67679,[SVM] Inconsistance behaviour is observed while exiting the rear camera.
GENSIX-67678,[settings]According to spec Touchpad Recognition Angle should not be displayed.
GENSIX-67675,[Radio] Dual focus is observed in Station list screen.
GENSIX-67674,[Settings] Inconsistance behaviour observed in bluetooth settings
GENSIX-67673,"[Keypad] :""Focus and alingment is not proper in setup keypad."""
GENSIX-67672,[Navigation] Input characters are not getting deleted upon Long Pressing Delete S/K in Navigation Keypad screen.
GENSIX-67669,"[Keypad]: ""Flickering is observed while tapping on space in handwritten input."""
GENSIX-67663,[Setup] : Text mismatch is observed in the vehicle setup screen.
GENSIX-67635,[Sound of nature] Volume bar text is not displayed properly for sound of nature.
GENSIX-67625,"[RVC]: Dual focus is observed in camera settings screen and ""Keeps rear camera"" is not getting checked for the first time."
GENSIX-67623,[Radio] Delete presets popup is not getting closed on performing RVC on and off.
GENSIX-67622,[Setting]:'Disable Android Auto?' Popup is getting Displayed On Button/Touch pad Setting Screen.
GENSIX-67621,[Popup] :' Update call History ' popup is getting flickered in Media Gate screen.
GENSIX-67619,[Radio] Radio band popup is not closing after presing the SWRC Seek keys in display off state
GENSIX-67616,[Rear Display] : Radio Info OSD is getting Displayed in Radio Screen
GENSIX-67614,"[Navigation] ""Import complete""/""Export complete"" toast popup is not displaying after performing display off->on on import/export processing popup"
GENSIX-67612,[Setup] Slowness observed clicking on Ambient light option screen
GENSIX-67611,[Setup] : No focus is available in General setting screen.
GENSIX-67609,[Data/network] String value is getting displayed in Connected settings screen.
GENSIX-67607,[Setup] Sound settings screen is getting freezed after performing the Display Off->On on reset popup
GENSIX-67605,[USB Video]:File Information Popup is getting Displayed On Active Call Screen.
GENSIX-67603,[Setup] Text is overlapping in vehicle settings screen.
GENSIX-67601,[navigation]: Deleted popup is not getting closed on changing the font size in rear display.
GENSIX-67599,[Setup] Selected option is not getting focused in vehicle settings screen.
GENSIX-67597,[Radio] Sound settings option is disabled after coming back to radio screen.
GENSIX-67596,[RVC] :Focus on the Camera Settings Screen is getting disappeared on pressing Menu H/K.
GENSIX-67591,[Popup] : Set time popup is getting closed for the first time .
GENSIX-67589,[Bluetooth] : Sometimes the h/u Getting freeze upon performing RVC on and off.
GENSIX-67586,[Rear Display] : System is not switching to Home Screen on Playing Radio in Rear
GENSIX-67577,[Rear Display] : Media Gate is not getting closed on performing Power Off and ON
GENSIX-67576,[RVC] Sometime Reset progress popup observed in RVC Screen
GENSIX-67567,[Keypad] CCP Dial is not working in input search keypad
GENSIX-67566,"[Keypad] ""Search icon is not getting displayed when initial input keypad is getting selected."""
GENSIX-67563,[Bluetooth] In Message View Screen Call Button is Displayed in TTS supported Region
GENSIX-67562,[Popup] : Entire Popup is getting highlighted in the Radio delete screen.
GENSIX-67561,[Media]:Hide Popup is Flickering and Screen is getting freezed On Camera Setting.
GENSIX-67559,[Radio] Radio Band popup is closing after pressing the custom HK set to: Phone
GENSIX-67558,"[Bluetooth]: Text overflow is observed on changing font size in ""Outgoing Volume"" option in BT active call screen."
GENSIX-67556,[System]:Touch or S/K will not work after Voice memo end on User Profile Reset.
GENSIX-67555,[Popup] : Popup is getting disappeared on changing language for the first time.
GENSIX-67554,[Radio] Radio screen is getting freezed on performing RVC on and off.
GENSIX-67553,[Popup] : Dual focus is observed in Sound of Nature screen.
GENSIX-67552,"[Bluetooth] ""Message sent"" OSD is displaying in H/U when phone is in Airplane Mode."
GENSIX-67550,[Keypad] Keypad layout is not changing even if we change the settings.
GENSIX-67549,[Navigation]: Menu option disabled in Previous destination screen.
GENSIX-67547,[CCS] The Focus on the Keypad is getting disappeared on making Display OFF->ON.
GENSIX-67546,[Bluetooth] Phone screen getting freezed after making camera ON/OFF and flickering observed after turn off the camera
GENSIX-67545,[Bluetooth] As per the Spec In Message reply Screen Focus should be on 2nd option while first radio button is selected.
GENSIX-67544,[Bluetooth] Blank screen is observed in call history screen
GENSIX-67543,"[Popup] The ""Date/Time"" popup is not getting closed after screen transistion."
GENSIX-67542,"[Qibla]: ""Focus is getting disabled in Qibla."""
GENSIX-67540,[Radio]:'Cannot Input Anymore' Popup is Flickering On Radio Screen.
GENSIX-67508,[Settings]On settings list screen for device connection option both 2nd depth options are displayed as Enable Baidu Carlife(For IOS) and Enable Baidu Carlife(For IOS)
GENSIX-67505,[settings]Enable Android auto option is displayed on search setup list and on tapping the option Device connection settings displayed
GENSIX-67504,"[CCS] Dual focus is observed in ""Share location"" screen."
GENSIX-67503,[Sound]Android auto is displayed on sound settings search Keypad screen for CHN region
GENSIX-67501,[Voice Memo]:After Performing Some Basic Operation Not able to Record Voice Memo.
GENSIX-67500,"[Setup] ""Calendar"" option is displayed in ""Search"" setup screen for China region."
GENSIX-67499,[DMB] : Sound of nature screen is getting Freezed after performing some basic operation.
GENSIX-67496,[Popup] : 'A maximum of 100 numbers can be saved ' Popup is getting displayed in Sound of nature screen.
GENSIX-67495,[Bluetooth] BT Audio OSD is not getting displayed in rear screen
GENSIX-67494,"[Setup] Touch screen is non-operational in ""Settings"" screen."
GENSIX-67492,[Bluetooth]: Flickering is observed while clicking on the privacy mode option in incoming call popup screen.
GENSIX-67491,"[Bluetooth]:""OSD is not getting displayed in Bluetooth setting."""
GENSIX-67488,[Bluetooth]:'Cannot Input Anymore' Popup is getting Displayed On Sound Of Nature Screen.
GENSIX-67487,"[Vehicle] The System is not exiting from the ""Vehicle settings"" screen on making ""IGN OFF""."
GENSIX-67485,[Media]: Screen is getting freezed on pressing Media h/k.
GENSIX-67481,[Bluetooth]:'Cannot Input Anymore' Popup is getting Displayed On Setting List Screen.
GENSIX-67480,[RVC] : Camera Screen is Getting Displayed even when the Gear is Switched to P
GENSIX-67477,[Home] : 'This Feature is available when a phone Supporting' popup is getting flickered in Radio screen.
GENSIX-67471,[Bluetooth]:'This Feature is available when a phone Supporting*' Popup is getting Displayed On Message Screen.
GENSIX-67470,[Bluetooth]:'Deleting a Device also deletes its call History and Contact*' Popup is getting Displayed On Setting List Screen.
GENSIX-67469,"[Bluetooth] ""Handsfree Calling can be connected with one device."" popup is not getting displayed."
GENSIX-67459,"[Radio] : ""Band"" Popup is getting Closed on Pressing Custom Button Set to Phone Projection"
GENSIX-67457,"[Voice recognition] On Phone screen getting Incoming call popup, VR popup disappears."
GENSIX-67456,"[Radio] : ""Band"" Popup is getting Displayed in Safety Warning Screen"
GENSIX-67455,"[Keypad]: ""Device connection setting is getting displayed when special character is selected."""
GENSIX-67453,[Bluetooth] BT Add new popup is displayed in Home screen
GENSIX-67452,[Bluetooth] String Value is displayed in Phone Screen.
GENSIX-67451,[Setup] Scroll Bar is not displayed properly for the last option in camera type screen.
GENSIX-67449,[Navigation]: Searching process is not happening after performing display off/on.
GENSIX-67448,"[Navigation] ""recalculating..""OSD is disappearing soon after pressing the SWRC custom HK"
GENSIX-67447,[keypad] Keypad screen is not retained after pressing close icon
GENSIX-67446,[Bluetooth] Bluetooth connection error popup is not matching with the spec.
GENSIX-67444,[Bluetooth] BT connection popup is not closing on pressing back H/K
GENSIX-67443,[Radio] : Station List is not Visible Properly for India Region
GENSIX-67442,[Voice Memo]:'This Feature is available when a phone Supporting*' Popup is getting Displayed On Voice Memo Recording Screen.
GENSIX-67436,"[Manual]: ""Blank screen is getting displayed in Manual when language set to Arabic."""
GENSIX-67435,[Setting]:Screen is getting freezed and No Focus Observed on Button/Touch Pad Setting Screen.
GENSIX-67433,[Popup] : 'No Response from phone ' Popup is getting displayed in Sound of nature screen.
GENSIX-67429,[Setup] Flikering is observed clicking on search icon
GENSIX-67426,[Settings] Flickering and Blank screen is observed in vehicle settings
GENSIX-67418,[Setup] The Options in the list are getting overlapped during reordering.
GENSIX-67415,[Bluetooth] The Reorder screen is not getting released after screen transistion.
GENSIX-67414,[Settings]: System is allowing to enter and make changes on sound settings for Rear R/L displays during call in the background.
GENSIX-67383,"[Web Manual] ""Vehicle quick guide"" option is not present in web manual screen"
GENSIX-67382,"[Radio]: ""CCP left is not working in radio screen."""
GENSIX-67381,[Bluetooth] The Popup is not getting closed in the keypad screen.
GENSIX-67380,[Bluetooth]: BT call screen getting freezed after accepting the call.
GENSIX-67379,[Popup] : Slow Response is observed in Phone screen.
GENSIX-67378,[Popup] : No focus is observed in the Message screen.
GENSIX-67377,[Passenger Talk] Passenger talk is getting ended on Pressing SWRC custom button which is set to cancel route
GENSIX-67376,"[Radio] : ""Band"" Popup is getting Displayed in Home Screen"
GENSIX-67375,[Radio] : Band Popup is getting Displayed in Phone Screen
GENSIX-67374,[Setup] String value is displayed for convenience in vehicle settings screen
GENSIX-67373,"[Radio] : ""Band"" Popup is getting Displayed in BT Audio Screen"
GENSIX-67372,[Bluetooth]: Download Unsuccessful text is not as per the spec.
GENSIX-67370,"[Keypad]: ""Search icon is not working in Navi Keypad."""
GENSIX-67367,[Radio] : Band Popup is getting Displayed in Device Connection Settings Screen
GENSIX-67366,[Setup] Sound and Display reset popups are getting closed after performing the first attempt of Display On->Off
GENSIX-67365,[SVM]:Dual focus is observed in the camera settings screen
GENSIX-67364,[Map] Date / Time popup is not getting displayed in map screen
GENSIX-67363,"[Navi] The ""Reset"" popup is not getting closed on making ""ACC OFF->ON""."
GENSIX-67362,[Sound of nature] Inconsistance behaviour is observed by making display On in sound of nature screen
GENSIX-67361,"[Navi] ""Cannot input anymore"" popup is displayed on ""Driving Restriction"" screen."
GENSIX-67360,"[Navi] The popup is getting displayed on the ""Saftey Warning"" screen."
GENSIX-67359,[Settings]Sometimes focus disappears and the screen is getting freezed and none of the items are selectable on Performing RVC off->on
GENSIX-67358,"[Profile] The Popup is getting displayed on ""Driving restriction"" screen."
GENSIX-67357,[Climate] Delay is observed when making display off in climate screen
GENSIX-67356,[Radio] String value is displayed in option menu list screen for FM.
GENSIX-67355,[Bluetooth]:Screen is getting freezed and No Focus Observed on Message Screen.
GENSIX-67304,[Voice Recognition] Unable to enter to Voice Recognition screen after pressing the SWRC PTT(H/K)
GENSIX-67303,[Navigation] Able to access the status bar options when alert popup is present
GENSIX-67302,"[Rear Display] : ""This Feature is not Available During a Call. Please Try Again After Ending the Call"" Popup is not getting Displayed in Sound Settings Screen"
GENSIX-67301,[Vehicle Setup]Driving restrictions are not displayed in Vehicle settings when entering D-stage.
GENSIX-67300,[Popup] : Band popup is getting displayed on Message screen.
GENSIX-67299,[DRM] : Frequency Controller in not moving smoothly on Rotating CCP Wheel
GENSIX-67298,"[RVC]:""System reset popup is getting displayed in RVC Screen ."""
GENSIX-67297,[Radio] : Active call screen is getting Freezed in Radio screen.
GENSIX-67294,"[Keypad]: ""Flickering is getting observed when entering any letter through handwriting gesture."""
GENSIX-67293,[Sound of nature] Sound of nature is getting access while voice memo is in recording state
GENSIX-67292,[User Profile]:'A Max of 14 Character entered' Popup is Flickering on RVC Screen.
GENSIX-67291,[RVC] Flikering is observed on making RVC OFF
GENSIX-67290,[Keypad] Input texts exceeding alert pop-up disappears after making camera ON/OFF in input search keypad
GENSIX-67289,[Settings]:String Value is displayed in the vehicle settings screen
GENSIX-67288,"[Keypad]: ""After entering any letter by s/k ,handwiting gesture is not working in navi keypad ."""
GENSIX-67287,[Voice Memo]:Screen is getting Freezed after Start Recording on Display OFF State.
GENSIX-67286,"[Map]:Upon changing language to french,Overflow is observed in the search keypad screen"
GENSIX-67285,[Navi] No Focus is observed on the Option menu after making Display OFF->ON.
GENSIX-67284,"[Settings] Upon performing RVC on and off, Popup is getting disappeared in settings search screen."
GENSIX-67283,"[Manual] : Not able to Select ""Next"" option Through Soft Touch"
GENSIX-67282,"[Radio]:The Front & Rear Display's are entering into the ""Radio Delete Presets"" screen at the same time."
GENSIX-67279,"[Keypad]: ""Navi Keypad is getting enabled on changing keypad ."""
GENSIX-67271,[Settings] : Navigation Related options are getting displayed in Search Setup Screen for India
GENSIX-67268,[Settings]: Popup is getting disappeared in Vehicle settings Screen upon RVC ON and OFF.
GENSIX-67267,[Keypad] Focus disappears in input search keypad after making display OFF/ON
GENSIX-67266,"[Radio] : ""Band"" Popup is not getting closed on selecting Different Saved Frequencies in Rear"
GENSIX-67265,"[Keypad]: ""Close keypad icon is present twice in the setup keypad."""
GENSIX-67264,[Keypad] Default option is not focused in input search keypad
GENSIX-67263,"[Radio] : ""Band"" Popup Allignment is not getting Displayed properly for India Region"
GENSIX-67262,[Keypad] Default Focus for Korean 10 keys Keyboard is not Correct for Setup search and Web Manual Search Screen.
GENSIX-67261,[Navigation] Focus is shifting from split screen option to background screen after performing the display off->On
